{
  "h01": {
    "MAE": 0.02483531108091125,
    "RMSE": 0.04786767887042648
  },
  "h02": {
    "MAE": 0.04375102188216963,
    "RMSE": 0.07641732957265246
  },
  "h03": {
    "MAE": 0.061850344082575844,
    "RMSE": 0.09753519949671803
  },
  "h04": {
    "MAE": 0.07758084070901201,
    "RMSE": 0.11472663124017082
  },
  "h05": {
    "MAE": 0.09333741980784278,
    "RMSE": 0.1308402735878767
  },
  "h06": {
    "MAE": 0.10715591940959651,
    "RMSE": 0.14517272801918543
  },
  "h07": {
    "MAE": 0.11594938609793776,
    "RMSE": 0.15537092678972095
  },
  "h08": {
    "MAE": 0.12538927753577944,
    "RMSE": 0.16568890385533597
  },
  "h09": {
    "MAE": 0.13063197711295357,
    "RMSE": 0.17241241516150915
  },
  "h10": {
    "MAE": 0.1384705094622394,
    "RMSE": 0.18081112976309408
  },
  "h11": {
    "MAE": 0.14556618689264986,
    "RMSE": 0.1884156303692417
  },
  "h12": {
    "MAE": 0.15124247776622424,
    "RMSE": 0.19471668169896267
  },
  "h13": {
    "MAE": 0.15827390582288597,
    "RMSE": 0.2019632848951345
  },
  "h14": {
    "MAE": 0.16352489858237657,
    "RMSE": 0.20755463155886997
  },
  "h15": {
    "MAE": 0.16943860222229884,
    "RMSE": 0.21365017763572727
  },
  "h16": {
    "MAE": 0.17169665507930967,
    "RMSE": 0.21636060841809227
  },
  "h17": {
    "MAE": 0.1756167197013729,
    "RMSE": 0.22040235601773522
  },
  "h18": {
    "MAE": 0.17868573595249135,
    "RMSE": 0.22363188394672529
  },
  "h19": {
    "MAE": 0.18056567774660798,
    "RMSE": 0.2257406139472388
  },
  "h20": {
    "MAE": 0.18367839471796327,
    "RMSE": 0.22887595459754756
  },
  "h21": {
    "MAE": 0.1857977632487792,
    "RMSE": 0.23110602080271517
  },
  "h22": {
    "MAE": 0.1899435483970387,
    "RMSE": 0.2351272716023154
  },
  "h23": {
    "MAE": 0.19188450057330447,
    "RMSE": 0.23714879508535408
  },
  "h24": {
    "MAE": 0.1924319586475402,
    "RMSE": 0.23794828816764957
  }
}