{
  "h01": {
    "MAE": 0.2766019001182051,
    "RMSE": 0.5000476840259324
  },
  "h02": {
    "MAE": 0.43862759620126685,
    "RMSE": 0.754730595241978
  },
  "h03": {
    "MAE": 0.5626859074309835,
    "RMSE": 0.9189345293891751
  },
  "h04": {
    "MAE": 0.6719230792800238,
    "RMSE": 1.0411949881145182
  },
  "h05": {
    "MAE": 0.7666932828042167,
    "RMSE": 1.1371332253009476
  },
  "h06": {
    "MAE": 0.8473017695742835,
    "RMSE": 1.2151431791022593
  },
  "h07": {
    "MAE": 0.9185761667957115,
    "RMSE": 1.2847147614621865
  },
  "h08": {
    "MAE": 0.9789037000934772,
    "RMSE": 1.341608209760637
  },
  "h09": {
    "MAE": 1.0383884868635993,
    "RMSE": 1.3923556777449575
  },
  "h10": {
    "MAE": 1.0867836715223722,
    "RMSE": 1.4340502967777147
  },
  "h11": {
    "MAE": 1.1378068727849344,
    "RMSE": 1.4738472267194738
  },
  "h12": {
    "MAE": 1.1856111292725473,
    "RMSE": 1.5120048478437627
  },
  "h13": {
    "MAE": 1.2265049583878669,
    "RMSE": 1.5457127047173316
  },
  "h14": {
    "MAE": 1.258207798382701,
    "RMSE": 1.5731741598973774
  },
  "h15": {
    "MAE": 1.294134761371318,
    "RMSE": 1.601127812343061
  },
  "h16": {
    "MAE": 1.3257536287412848,
    "RMSE": 1.6262260382291298
  },
  "h17": {
    "MAE": 1.3534401990676808,
    "RMSE": 1.6496299175123323
  },
  "h18": {
    "MAE": 1.3816514248794323,
    "RMSE": 1.6725458438042848
  },
  "h19": {
    "MAE": 1.4066279823110026,
    "RMSE": 1.6927535266510494
  },
  "h20": {
    "MAE": 1.4313454910526606,
    "RMSE": 1.7111553884476705
  },
  "h21": {
    "MAE": 1.4530589594474037,
    "RMSE": 1.7273976338065742
  },
  "h22": {
    "MAE": 1.469007712957242,
    "RMSE": 1.7404579647014022
  },
  "h23": {
    "MAE": 1.4854815094971006,
    "RMSE": 1.7535808869149367
  },
  "h24": {
    "MAE": 1.5043568686218496,
    "RMSE": 1.7673047063591436
  }
}