{
  "h01": {
    "MAE": 5.141568166374289,
    "RMSE": 7.60767423027647
  },
  "h02": {
    "MAE": 7.870024102603516,
    "RMSE": 11.37153399898007
  },
  "h03": {
    "MAE": 9.204168374941053,
    "RMSE": 13.17055660792724
  },
  "h04": {
    "MAE": 9.953706681681222,
    "RMSE": 14.145925432825177
  },
  "h05": {
    "MAE": 10.399290841313634,
    "RMSE": 14.713782353403827
  },
  "h06": {
    "MAE": 10.671220366030882,
    "RMSE": 15.098139310610819
  },
  "h07": {
    "MAE": 10.86355893959115,
    "RMSE": 15.38495644844249
  },
  "h08": {
    "MAE": 10.975246671692737,
    "RMSE": 15.5736354328922
  },
  "h09": {
    "MAE": 11.033856028575565,
    "RMSE": 15.712299402135873
  },
  "h10": {
    "MAE": 11.079226328661564,
    "RMSE": 15.824681659388789
  },
  "h11": {
    "MAE": 11.152454852152454,
    "RMSE": 15.955786603173717
  },
  "h12": {
    "MAE": 11.192282915241192,
    "RMSE": 16.08544053828066
  },
  "h13": {
    "MAE": 11.23752928363016,
    "RMSE": 16.212420484339948
  },
  "h14": {
    "MAE": 11.285035016752131,
    "RMSE": 16.321445169235645
  },
  "h15": {
    "MAE": 11.376872198610698,
    "RMSE": 16.43842943598243
  },
  "h16": {
    "MAE": 11.47722106021678,
    "RMSE": 16.551443112716797
  },
  "h17": {
    "MAE": 11.539605475228608,
    "RMSE": 16.640191179169275
  },
  "h18": {
    "MAE": 11.548643284825685,
    "RMSE": 16.707363980014765
  },
  "h19": {
    "MAE": 11.57013196034193,
    "RMSE": 16.77533269067621
  },
  "h20": {
    "MAE": 11.599958523350649,
    "RMSE": 16.845726224714394
  },
  "h21": {
    "MAE": 11.642897028956519,
    "RMSE": 16.928526547716864
  },
  "h22": {
    "MAE": 11.640310313671959,
    "RMSE": 16.969804356300948
  },
  "h23": {
    "MAE": 11.619894696937493,
    "RMSE": 16.999037825494902
  },
  "h24": {
    "MAE": 11.633457315185991,
    "RMSE": 17.069004893709906
  }
}