{
  "h01": {
    "MAE": 6.6719700577113,
    "RMSE": 9.362136125808519
  },
  "h02": {
    "MAE": 10.283395681524928,
    "RMSE": 14.033377381773379
  },
  "h03": {
    "MAE": 12.176051242071393,
    "RMSE": 16.489354449410623
  },
  "h04": {
    "MAE": 13.30282156123013,
    "RMSE": 17.956908029746923
  },
  "h05": {
    "MAE": 13.905335263981614,
    "RMSE": 18.793432100050545
  },
  "h06": {
    "MAE": 14.247937984557138,
    "RMSE": 19.30537646437847
  },
  "h07": {
    "MAE": 14.471328232123646,
    "RMSE": 19.629945335049033
  },
  "h08": {
    "MAE": 14.624837109600199,
    "RMSE": 19.85718076953707
  },
  "h09": {
    "MAE": 14.688063853690359,
    "RMSE": 19.99867264113535
  },
  "h10": {
    "MAE": 14.754875029400532,
    "RMSE": 20.116925123333655
  },
  "h11": {
    "MAE": 14.816556392490535,
    "RMSE": 20.21323417179762
  },
  "h12": {
    "MAE": 14.837485218526833,
    "RMSE": 20.276693005267813
  },
  "h13": {
    "MAE": 14.862121477235375,
    "RMSE": 20.359377820896956
  },
  "h14": {
    "MAE": 14.86685222073531,
    "RMSE": 20.439658093648443
  },
  "h15": {
    "MAE": 14.899619565508647,
    "RMSE": 20.515396717142313
  },
  "h16": {
    "MAE": 14.925481352164315,
    "RMSE": 20.57437354658137
  },
  "h17": {
    "MAE": 14.951690657182892,
    "RMSE": 20.618534177269854
  },
  "h18": {
    "MAE": 14.949034193753882,
    "RMSE": 20.644695311580787
  },
  "h19": {
    "MAE": 14.958549191696411,
    "RMSE": 20.672155626399274
  },
  "h20": {
    "MAE": 15.02461783757751,
    "RMSE": 20.7466188723356
  },
  "h21": {
    "MAE": 15.04867309468522,
    "RMSE": 20.782776748024755
  },
  "h22": {
    "MAE": 15.03251711518723,
    "RMSE": 20.78203907822045
  },
  "h23": {
    "MAE": 14.983488303119445,
    "RMSE": 20.75421671342382
  },
  "h24": {
    "MAE": 14.957643277615217,
    "RMSE": 20.76978022389308
  }
}