{
  "h01": {
    "MAE": 0.3218233623088982,
    "RMSE": 0.5429153598027847
  },
  "h02": {
    "MAE": 0.45329132331707306,
    "RMSE": 0.7392547104877466
  },
  "h03": {
    "MAE": 0.47436679913392515,
    "RMSE": 0.7850067251429248
  },
  "h04": {
    "MAE": 0.4741125471440557,
    "RMSE": 0.7899988333331002
  },
  "h05": {
    "MAE": 0.5702868879840982,
    "RMSE": 0.9396858327270642
  },
  "h06": {
    "MAE": 0.6228581582349717,
    "RMSE": 1.048088348282333
  },
  "h07": {
    "MAE": 0.6605796527908406,
    "RMSE": 1.1011348391771443
  },
  "h08": {
    "MAE": 0.6757918676780588,
    "RMSE": 1.1176160079989563
  },
  "h09": {
    "MAE": 0.7535796843434819,
    "RMSE": 1.2562639732289826
  },
  "h10": {
    "MAE": 0.7613641153072673,
    "RMSE": 1.268853269614889
  },
  "h11": {
    "MAE": 0.7697339977984307,
    "RMSE": 1.2790393763075538
  },
  "h12": {
    "MAE": 0.8564300010093031,
    "RMSE": 1.428741448328788
  },
  "h13": {
    "MAE": 0.88769909349903,
    "RMSE": 1.4776211549207525
  },
  "h14": {
    "MAE": 0.8576807250616139,
    "RMSE": 1.448120707638832
  },
  "h15": {
    "MAE": 0.892729207576523,
    "RMSE": 1.499883362304917
  },
  "h16": {
    "MAE": 0.9104072114144464,
    "RMSE": 1.5251999983816693
  },
  "h17": {
    "MAE": 0.9579566157288614,
    "RMSE": 1.588344838366009
  },
  "h18": {
    "MAE": 0.9615478464318248,
    "RMSE": 1.6007692241553342
  },
  "h19": {
    "MAE": 0.9461513488972573,
    "RMSE": 1.5868845530608597
  },
  "h20": {
    "MAE": 0.9921962750406138,
    "RMSE": 1.655742766706948
  },
  "h21": {
    "MAE": 0.9969159810825744,
    "RMSE": 1.6648280564035036
  },
  "h22": {
    "MAE": 1.0406147181234149,
    "RMSE": 1.723312188078615
  },
  "h23": {
    "MAE": 1.000713929118448,
    "RMSE": 1.6724721554249868
  },
  "h24": {
    "MAE": 1.0258342847866273,
    "RMSE": 1.7147124440654147
  }
}