{
  "h01": {
    "MAE": 3.8970465079169325,
    "RMSE": 5.697424300523484
  },
  "h02": {
    "MAE": 5.973050357844548,
    "RMSE": 8.538467865470777
  },
  "h03": {
    "MAE": 7.253083794537456,
    "RMSE": 10.239605518587517
  },
  "h04": {
    "MAE": 8.061641892650561,
    "RMSE": 11.251628614402726
  },
  "h05": {
    "MAE": 8.576732038330078,
    "RMSE": 11.899106500779299
  },
  "h06": {
    "MAE": 8.865933327351996,
    "RMSE": 12.313320112387947
  },
  "h07": {
    "MAE": 9.06247761873392,
    "RMSE": 12.576072158012334
  },
  "h08": {
    "MAE": 9.214105237651225,
    "RMSE": 12.777773784993537
  },
  "h09": {
    "MAE": 9.347170931172762,
    "RMSE": 12.945982888728457
  },
  "h10": {
    "MAE": 9.430463463110707,
    "RMSE": 13.045437350201707
  },
  "h11": {
    "MAE": 9.523637108948249,
    "RMSE": 13.15664071875793
  },
  "h12": {
    "MAE": 9.609833394000102,
    "RMSE": 13.26765998281691
  },
  "h13": {
    "MAE": 9.6887431964347,
    "RMSE": 13.374307451045366
  },
  "h14": {
    "MAE": 9.766613583975174,
    "RMSE": 13.510125950151323
  },
  "h15": {
    "MAE": 9.773843167429716,
    "RMSE": 13.559938666885266
  },
  "h16": {
    "MAE": 9.77785939865631,
    "RMSE": 13.578516057656731
  },
  "h17": {
    "MAE": 9.81556506748121,
    "RMSE": 13.635201551540531
  },
  "h18": {
    "MAE": 9.820757831570655,
    "RMSE": 13.643754248755188
  },
  "h19": {
    "MAE": 9.856910058657872,
    "RMSE": 13.688267792343588
  },
  "h20": {
    "MAE": 9.86710142208255,
    "RMSE": 13.70441162237617
  },
  "h21": {
    "MAE": 9.865802589515814,
    "RMSE": 13.718380285250346
  },
  "h22": {
    "MAE": 9.876546695633227,
    "RMSE": 13.751150144922779
  },
  "h23": {
    "MAE": 9.836406300868436,
    "RMSE": 13.721989088222877
  },
  "h24": {
    "MAE": 9.807159793543907,
    "RMSE": 13.718953660907808
  }
}