{
  "h01": {
    "MAE": 3.6518713869700217,
    "RMSE": 5.542113743064495
  },
  "h02": {
    "MAE": 5.97241521420217,
    "RMSE": 9.176045660520888
  },
  "h03": {
    "MAE": 7.152710111503096,
    "RMSE": 11.290507582625455
  },
  "h04": {
    "MAE": 7.933841101866161,
    "RMSE": 12.65073803127154
  },
  "h05": {
    "MAE": 8.30540075502995,
    "RMSE": 13.455898481940807
  },
  "h06": {
    "MAE": 8.466665194894606,
    "RMSE": 13.905261320043577
  },
  "h07": {
    "MAE": 8.520342111230617,
    "RMSE": 14.12856096520702
  },
  "h08": {
    "MAE": 8.560010692061327,
    "RMSE": 14.23133724831532
  },
  "h09": {
    "MAE": 8.563319615662316,
    "RMSE": 14.268971252112255
  },
  "h10": {
    "MAE": 8.574009459311128,
    "RMSE": 14.277556171164553
  },
  "h11": {
    "MAE": 8.582065740720104,
    "RMSE": 14.276856842383319
  },
  "h12": {
    "MAE": 8.601418991558704,
    "RMSE": 14.27748928992333
  },
  "h13": {
    "MAE": 8.594750799847052,
    "RMSE": 14.278348176385734
  },
  "h14": {
    "MAE": 8.584047510927453,
    "RMSE": 14.282327955963279
  },
  "h15": {
    "MAE": 8.552186576716633,
    "RMSE": 14.281345171776204
  },
  "h16": {
    "MAE": 8.509797487476485,
    "RMSE": 14.281935017926825
  },
  "h17": {
    "MAE": 8.487189788272685,
    "RMSE": 14.287520668522117
  },
  "h18": {
    "MAE": 8.44674104943578,
    "RMSE": 14.289019029633998
  },
  "h19": {
    "MAE": 8.428848827759726,
    "RMSE": 14.290486170119356
  },
  "h20": {
    "MAE": 8.423038305140208,
    "RMSE": 14.284101179606777
  },
  "h21": {
    "MAE": 8.43136113098289,
    "RMSE": 14.271675072475642
  },
  "h22": {
    "MAE": 8.415687062037877,
    "RMSE": 14.25089186910488
  },
  "h23": {
    "MAE": 8.37515705616347,
    "RMSE": 14.21561129027119
  },
  "h24": {
    "MAE": 8.246239615429806,
    "RMSE": 14.157011107643454
  }
}