{
  "h01": {
    "MAE": 4.042403165266075,
    "RMSE": 6.217628349129298
  },
  "h02": {
    "MAE": 6.685800218849773,
    "RMSE": 9.683457531792156
  },
  "h03": {
    "MAE": 8.334615935494469,
    "RMSE": 11.675209662457112
  },
  "h04": {
    "MAE": 9.483943853175015,
    "RMSE": 13.036536665441837
  },
  "h05": {
    "MAE": 10.347550725657872,
    "RMSE": 14.072368831219949
  },
  "h06": {
    "MAE": 10.949076393493195,
    "RMSE": 14.828178443086493
  },
  "h07": {
    "MAE": 11.385310060825638,
    "RMSE": 15.376001772571636
  },
  "h08": {
    "MAE": 11.636862209291518,
    "RMSE": 15.741514843300326
  },
  "h09": {
    "MAE": 11.901666121413111,
    "RMSE": 16.089281401734453
  },
  "h10": {
    "MAE": 12.132972051466304,
    "RMSE": 16.386342865273704
  },
  "h11": {
    "MAE": 12.312716642974868,
    "RMSE": 16.639239159143735
  },
  "h12": {
    "MAE": 12.498317580445065,
    "RMSE": 16.898115325823916
  },
  "h13": {
    "MAE": 12.629877627814826,
    "RMSE": 17.092588411058188
  },
  "h14": {
    "MAE": 12.733226403555513,
    "RMSE": 17.25528420781147
  },
  "h15": {
    "MAE": 12.842152437836427,
    "RMSE": 17.401247989390594
  },
  "h16": {
    "MAE": 12.844012127080545,
    "RMSE": 17.43379319858408
  },
  "h17": {
    "MAE": 12.899815990614423,
    "RMSE": 17.511577867684338
  },
  "h18": {
    "MAE": 12.98771075920968,
    "RMSE": 17.62599551097484
  },
  "h19": {
    "MAE": 13.060722649473979,
    "RMSE": 17.722935177776666
  },
  "h20": {
    "MAE": 13.084706461251683,
    "RMSE": 17.767881894540224
  },
  "h21": {
    "MAE": 13.083595621057178,
    "RMSE": 17.7883555009626
  },
  "h22": {
    "MAE": 13.126403629838478,
    "RMSE": 17.86411237115299
  },
  "h23": {
    "MAE": 13.15149695456416,
    "RMSE": 17.927962796797843
  },
  "h24": {
    "MAE": 13.150094264368127,
    "RMSE": 17.977733897640633
  }
}